Time[ms],Latitude,Longitude,Speed[m/s],Distance,Altitude[m],Accuracy[m],Flag,Acceleration[m/s^2],AccWork[J],AeroWork[J],GradeWork[J],RollWork[J],StandStillWork[J],TotalWork[J],StandStillTime[s],Fuel[l],CO2[kg],AccECE[%],AeroECE[%],STSECE[%],WorkECE[%]
1764692588061,12.53426,-70.0510672,9.53,,8.643999018883843,11.5,0,,,,,,,,,,,,,,
1764692634854,12.5342679,-70.0510663,10.53,492.73028999999997,8.544034028025159,11.5,0,0.02137071784241233,63188,144715,-6178.136330039243,243617,0,445341.86366996076,0,0.022673400520831333,0.06040193898749467,9.979327718800262,53.517215733906795,0,44.58808091521229
1764692728142,12.5342718,-70.0510667,1.81,168.85128,8.544049334208673,11.5,0,-0.09347397307263527,-338956,1465,0.9459680596867203,83484,0,0,0,0,0,9.057937752212435,91.41632793448049,0,43.41310729942923
1764692733888,12.5342814,-70.0510565,0.27,1.5514200000000002,8.644113214958363,11.4,0,-0.26801253045596934,-10091,0,6184.248021973124,767,31350,31350,5.746,0.001596102150537634,0.004252016129032257,9.036746428602465,91.20264353278593,27.711941365676545,46.140404154697336
1764692743343,12.534282,-70.0510715,0.93,8.79315,8.54408057409227,18,0,0.06980433632998413,2494,20,-6182.317303447158,4347,0,678.6826965528417,0,0.000034553330510388236,0.00009205007247967427,9.270602946092076,90.02152549348679,26.02458284625722,45.97312268403651
1764692826293,12.534261,-70.0510702,0.2,16.59,8.643996157299096,11.5,0,-0.008800482218203736,-2599,1,6175.082788931477,8202,452575,464354.0827889315,82.95,0.023641357261573976,0.06298057574483308,2.0008519887664415,20.44291874336514,300,52.519825837144026
1764692834145,12.5342763,-70.0510594,0.83,6.51716,8.644085177508668,15.8,0,0.0802343352012226,2044,11,5.50171601216593,3222,0,5282.501716012166,0,0.00026894457254053464,0.0007164683412479843,0.756365379322296,2.5634544042873473,300,45.09384952213599
1764692898454,12.5342747,-70.0510546,0.39,25.08051,8.64408975780044,18.5,0,-0.006841966132267644,-1691,10,0.28307577241747595,12400,0,10719.283075772417,0,0.0005457438841933658,0.0014538617074911265,8.919434099444185,74.68178218085329,300,82.92343007323777
1764692909478,12.5342686,-70.0510626,0.66,7.27584,8.644045610067703,19.3,0,0.024492017416545723,893,8,-2.7284623263502255,3597,0,4495.27153767365,0,0.0002288648347218989,0.0006096959196991387,8.946646690838012,78.12615690172717,300,82.63997038918188
1764692987525,12.534275,-70.0510665,10,780.47,8.54406313072581,11.5,0,0.11967148000563763,313627,206730,-6179.217170767019,385883,0,900060.782829233,0,0.04582420896613478,0.12207569268578307,35.82011917839921,101.26909802540493,291.69427950063437,104.36687953264861
1764693035474,12.5342817,-70.0510646,2.32,111.24167999999999,8.644095488382415,11.5,0,-0.1601701808171182,-298046,1585,6182.29980025118,55000,0,0,0,0,0,32.26100542219225,92.62846038001199,0,64.53708663750795
1764693050914,12.5342717,-70.0510645,10.6,163.664,8.544054070968393,11.5,0,0.5362694300518135,336979,48709,-6182.8597204388325,80919,0,460424.14027956116,0,0.02344127465581017,0.0624475556830783,56.26501263557048,93.55500391931304,0,83.41801348866706
1764693150467,12.5342779,-70.0510675,9.76,971.6372799999999,8.644072867032971,11.5,0,-0.008437716593171475,-53873,245161,6181.461653179126,480400,0,677869.4616531791,0,0.03451192681111411,0.091939773024808,22.382376064519622,51.48689004428566,0,50.38604947254589
1764693239481,12.5342784,-70.051068,2.51,223.42513999999997,8.544073778347915,11.5,0,-0.08144786213404634,-280217,3728,-6180.243678002525,110466,0,0,0,0,0,17.332394292151296,56.57354546180231,0,44.78780538963273
1764693260982,12.534272,-70.0510645,0.09,1.93509,8.544055320472587,11.1,0,-0.11255290451606902,-19820,0,-1.140752068879479,956,117309,117309,21.501,0.005972476783968718,0.015910678152492665,22.531142620256468,65.03704437740461,81.85479986347195,55.424138489724974
1764693312461,12.5342777,-70.0510665,2.44,125.60875999999999,8.544074376515262,11.5,0,0.045649682394762914,18728,1980,1.1777206054116505,62103,0,82812.17772060541,0,0.004216162518359268,0.01123185694890909,22.696913517763726,36.90520071637702,75.6081626999722,41.68402790544504
1764693400454,12.5342771,-70.0510692,2.28,200.62403999999998,8.544065552748087,11.4,0,-0.0018183264577864165,-2379,2762,-0.5453352826982183,99193,0,99575.4546647173,0,0.005069620329541244,0.013505468557897873,1.1221208097972695,50.73965292472331,81.33228449657992,41.48906533845291
1764693407109,12.5342649,-70.0510691,0.22,1.4641,8.544014975546055,11.5,0,-0.30954169797145,-16223,0,-3.125822817173301,723,36309,36309,6.655,0.0018485764907135872,0.004924607771260996,1.1223165811059346,51.847395272202135,106.26346856267173,43.07893034979455
1764693431455,12.5342747,-70.0510658,8.99,218.87054,8.64406352092416,11.5,0,0.3602234453298283,254430,46854,6183.300250002998,108214,0,415681.300250003,0,0.021163311555576072,0.05637906198405466,13.623571869019194,45.663232094970716,118.28713958372185,49.59701773488227
1764693462296,12.5342698,-70.0510666,10.23,315.50343000000004,8.544041238588612,11.5,0,0.04020621899419604,75073,87459,-6181.677115183867,155992,0,312342.3228848161,0,0.015902081443712125,0.0423631449660491,38.21793833938808,66.58780454527937,94.38951673996222,78.33840101952603
1764693507465,12.5342735,-70.0510685,2.36,106.59883999999998,8.544052198378857,11.1,0,-0.17423454138900576,-312113,1572,0.677347916519409,52705,0,0,0,0,0,32.521634302067426,59.377021123065035,99.0100907657923,67.00872909147134
1764693533472,12.5342747,-70.0510684,2.53,65.79771,8.544057430602386,11.1,0,0.006536701657246123,2618,1115,0.32336711076932545,32531,0,36264.32336711077,0,0.0018463018983744075,0.004918548257269422,32.16453421633286,56.382072777061,23.401928065820105,61.01469506314701
1764693559469,12.5342731,-70.0510656,2.44,63.43268,8.544057325333576,11.2,0,-0.003461937915913369,-1409,1000,-0.006505928298878417,31362,0,30952.9934940717,0,0.00157588961663366,0.004198169938712071,30.306184256902412,53.17958726537795,23.401928065820105,58.040761304306834
1764693615477,12.5342796,-70.0510677,2.5,140.02,8.544079479294048,11.5,0,0.0010712755320668485,933,2318,1.3691812190718764,69229,0,72481.36918121907,0,0.0036901967854563304,0.009830684236455665,31.233310815460708,63.33817281612875,23.401928065820105,60.75635910309034
1764693643094,12.534279,-70.0510636,9.24,255.18108,8.544086584724617,11.4,0,0.24405257631169208,249251,57708,0.43913692547161537,126167,0,433126.43913692544,0,0.022051484560164415,0.058745154868278006,45.123088998781746,60.654153932903064,0,68.47346202965882
1764693673306,12.5342718,-70.0510663,9.34,282.18008,8.644050271157479,11.5,0,0.0033099430689792018,5852,65203,6178.055712610138,139516,0,216749.05571261013,0,0.011035203634765503,0.029397782483015302,25.30126409174094,60.83671852333319,0,58.85571325016309
1764693694872,12.5342747,-70.0510662,10.46,225.58036,8.644062583942198,11.5,0,0.051933599183900635,69854,65375,0.7609670339831212,111532,0,246761.76096703397,0,0.01256322096810005,0.03346842065901853,24.99317591879179,59.511178670802565,0,58.844333893506665
1764693744435,12.5342705,-70.0510699,2.32,114.98616,8.644036424425419,11.5,0,-0.1642354175493816,-327692,1639,-1.6167366154637648,56851,0,0,0,0,0,26.770227766760748,64.51184421255684,0,57.98397243072338
1764693761526,12.5342803,-70.0510692,11.26,192.44466,8.644078881115345,11.4,0,0.5230823240301913,382426,64629,2.623950807467509,95149,0,542206.6239508075,0,0.027605013031056908,0.0735397547147356,50.44538693652982,66.28136853676291,0,76.21383776157685
1764693777276,12.5342741,-70.0510671,1.42,22.365,8.544057976727025,11.3,0,-0.6247619047619047,-393030,119,-6181.591953911315,11057,0,0,0,0,0,49.71830732903436,66.04232104607917,0,74.42579429143919
1764693785151,12.534281,-70.0510607,0.24,1.89,8.544101709125535,11.5,0,-0.14984126984126983,-6171,0,2.702793425090832,934,42966,42966,7.875,0.0021875,0.005827500000000001,49.811918851584366,67.01113440764603,29.739433759172616,76.35004581975423
1764693798494,12.5342797,-70.0510659,8.28,110.48003999999999,8.544084112423754,11.5,0,0.6025631417222513,215777,20062,-1.0875289601730458,54623,0,290460.9124710398,0,0.014788047433561408,0.039395358363007595,58.97716409906314,61.76118976996817,30.684923192188073,81.56666350278174
1764693810443,12.5342749,-70.0510663,6.07,72.53043,8.544063182709813,11.4,0,-0.18495271570842742,-99898,7078,-1.293519110672861,35860,0,0,0,0,0,55.61545515686094,57.894132554950396,31.229368035595922,76.29301317140992
1764693875962,12.5342659,-70.051067,10.97,718.7434300000001,8.54402405884543,11.5,0,0.07478746623116958,263012,229105,-2.417972190454691,355364,0,847478.5820278095,0,0.04314712559199909,0.11494394257708558,44.45275328612795,58.992747354648586,36.83411500985687,70.70550065287732
1764693925452,12.5342832,-70.0510669,2.32,114.8168,8.544096348260602,11.5,0,-0.17478278440088907,-362120,1636,4.46770272588266,56768,0,0,0,0,0,52.235727051989564,69.22630672002735,31.949293596955375,77.57569209275442
1764693945097,12.5342688,-70.0510718,0.11,2.16095,8.544024894058957,11.5,0,-0.11249681852888775,-16917,0,-4.416084024286818,1068,107183,107183,19.645,0.005456938334962528,0.014537283724340174,56.59765282991014,73.07875654353415,108.89264389278195,84.00674860690094
1764693987264,12.5342669,-70.0510634,9.95,419.56165,8.644036655825328,11.5,0,0.23335783906846586,311819,110024,6181.026912447038,207441,0,635465.0269124471,0,0.0323530174177484,0.08618843840088175,47.76956276838182,72.1107079864118,113.08090794096543,80.8115028495494
1764694031123,12.5342684,-70.0510644,0.27,11.841930000000001,8.644040560844171,11.4,0,-0.2207072664675437,-311629,2,0.2413418795784992,5854,239294,239294,43.859,0.012183019713261647,0.03245556451612903,35.01440660670747,86.24078711054612,234.87746367454872,80.72311673382735
1764694081486,12.5342945,-70.051067,0.3,15.108899999999998,8.544143184053446,12.4,0,0.0005956753966205343,53,3,-6173.957577797189,7470,0,1352.0424222028114,0,0.00006883565606685866,0.0001833781877621115,41.01590952846522,86.75545591265006,239.0776595775736,91.60608014535488
1764694096535,12.5342714,-70.0510579,0.33,4.96617,8.544068281801835,11.5,0,0.0019934879393979687,59,1,-4.629183856362517,2455,0,2510.3708161436375,0,0.00012780887586264037,0.00034048284529807397,41.62262320571451,92.94734811043763,230.65987411682073,94.03398435336787
1764694263464,12.5342686,-70.0510545,0.09,15.02361,8.544064584008133,11.1,0,-0.0014377370019589167,-318,0,-0.228534744131494,7428,910764,917873.7714652559,166.929,0.04673111006563904,0.12449167721486241,0.1605387723663456,0.049092619517948154,300,300
1764694505450,12.5342758,-70.0510557,0.2,48.3972,8.544091762720804,11.5,0,0.00045457175208483145,100,5,1.6797259791848804,23928,0,24034.679725979186,241.986,0.0012236620095093667,0.003259835593332953,-6.053147357991691e-14,0.029750175261474807,300,227.67418765270148
1764694518456,12.5342654,-70.0510648,0.13,1.6907800000000002,8.544027129364913,11,0,-0.005382131324004306,-73,0,-3.99453529409837,835,0,758.0054647059017,13.006,0.0000385918389899958,0.00010280865906934882,-5.895962738633676e-14,0.027707346506649834,300,203.27398916488147
1764694697463,12.534275,-70.051062,0.12,21.48084,8.544073671973699,11,0,-0.0000558637371722894,-8,0,2.876472850780843,10620,0,10614.876472850781,179.007,0.000540428298756251,0.0014397009878866526,-4.433361074324787e-14,0.006625074834465989,-235.8522995631335,-101.58241079249865
1764694710472,12.5342629,-70.0510597,0.12,1.56108,8.544028662891527,11.1,0,0,0,0,-2.7816963054471984,771,0,768.2183036945528,13.009,0.00003911179861592501,0.00010419383151282424,0.13030992804711902,0.034021213885685415,-17.659886777478608,2.5882471320565297
1764694736468,12.5342705,-70.0510539,0.06,1.5597599999999998,8.644073903428943,11.5,0,-0.002308047391906447,-35,0,6183.09600093389,771,0,6919.09600093389,25.996,0.0003522674324359466,0.0009384404400093619,-1.4600973377659915e-13,0.01364343758869175,-63.33905303953122,-32.89194591106099
1764694813856,12.5342679,-70.0510593,0.2,15.477600000000002,8.644050424502932,11.5,0,0.0018090660050653848,114,1,-1.4510680642276554,7652,0,7765.548931935772,77.388,0.0003953623397246543,0.001053245273026479,0.2603263241032707,0.020995204764624454,300,-178.600663103515
1764694843182,12.5342626,-70.0510627,10.26,300.88475999999997,8.644020386669265,11.4,0,0.3430403055309282,331466,83896,-1.856428234152915,148764,0,564124.1435717659,0,0.028720885445776608,0.07651243882754889,91.77086500984498,101.30116326183256,300,-15.347388204551812
1764694856179,12.5342662,-70.0510602,0.88,11.43736,8.644041235879822,11.3,0,-0.7217050088481957,-329154,23,1.2885437600614864,5654,0,0,0,0,0,88.80661874880357,98.05643451954572,300,-25.431338298609973
1764694914134,12.5342913,-70.0510682,8.4,486.822,8.544127042668059,13,0,0.12975584505219567,219824,90986,-6174.996883066595,240696,0,545331.0031169334,0,0.027764082514506624,0.07396351581864564,63.947905232035204,88.49341813012354,-12.876893355008947,85.70812015781348
1764694964613,12.5342793,-70.0510637,10.3,519.9337,8.64408760004326,11.3,0,0.03763941440995266,111919,146107,6177.862327459571,257067,0,521270.86232745956,0,0.026539124222439085,0.07070022692857773,44.473282184579716,74.15427426734621,-110.63925436742963,69.33284398358609
1764694974934,12.5342758,-70.0510599,1.25,12.90125,8.644081923562961,11.5,0,-0.8768530181183994,-329262,53,-0.35082351192798455,6378,0,0,0,0,0,43.95210470332484,72.7366558537405,-151.90982444514438,65.86880934136701
1764694987530,12.5342771,-70.0510664,7.93,99.88628,8.644072111681492,11.5,0,0.5303270879644332,193165,16638,-0.6064037104342077,49386,0,259188.39359628956,0,0.013195890029136605,0.035153851037619914,51.85549519078457,65.57333034355032,-210.1945658381893,67.95681966471138
1764695000255,12.5342643,-70.0510653,4.76,60.571,8.644021376994015,11.5,0,-0.24911591355599214,-126716,3635,-3.135555890138619,29947,0,0,0,0,0,49.234069544758306,60.77704547713695,-269.29091221484316,61.55053560751469
1764695026468,12.534274,-70.0510665,9.96,261.08148000000006,8.644058965677385,11.4,0,0.19837485217258616,241113,68603,2.3230933982820834,129084,0,438802.3230933983,0,0.022340457146739483,0.059514977838913984,48.71132521621477,52.969067107037915,0,72.55983620590133
1764695102139,12.5342801,-70.0510635,8.32,629.5827200000001,8.54409140079786,11.2,0,-0.02167276763885769,-94435,115437,-6178.29541224922,311280,0,326103.7045877508,0,0.01660270571581494,0.044229608026931,24.620971331734808,42.9133585953551,0,48.06093928790078
1764695117600,12.5342758,-70.0510622,8.44,130.49084,8.644076535611742,11.4,0,0.007761464329603468,6335,24621,6179.381286902298,64517,0,101652.3812869023,0,0.005175361543199244,0.013787163151082787,26.758548244955215,36.827447783747566,0,50.48366892018251
1764695128537,12.534278,-70.0510571,1.13,12.358809999999998,8.644097646747934,11.5,0,-0.6683734113559477,-220364,41,1.3047315500788557,6110,0,0,0,0,0,26.204048879901137,36.533694946380976,0,49.12027227525014
1764695141154,12.5342674,-70.0510658,7.82,98.66494000000002,8.644033116743483,11.4,0,0.5302369818498851,188607,15981,-3.9881478650887203,48782,0,253366.01185213492,0,0.012899458896023485,0.034364158499006564,30.669696066551587,34.15313660769964,0,50.447061767498234
1764695154546,12.5342688,-70.051066,7.46,99.90432,8.644038479089001,11.5,0,-0.02688172043010755,-17328,14726,0.33140904009428596,49395,0,46793.331409040096,0,0.00238235843358179,0.006346602867061889,28.629260573006615,31.200794688697147,0,46.78580503569575
1764695167859,12.5342661,-70.0510627,7.53,100.24689000000001,8.544034963540916,11.4,0,0.005258018478179244,3305,15056,-6180.517271418308,49564,0,61744.482728581694,0,0.003143556671991166,0.008374434974184466,29.116020251280695,39.74473962012887,0,52.9674513605261
1764695210256,12.534261,-70.0510701,9.44,400.22767999999996,8.643996391501812,11.3,0,0.04505035733660399,102100,94471,6177.91613226723,197882,0,400630.9161322672,0,0.02039706114228307,0.0543377708830421,21.78588341936067,43.83739752124479,0,48.279359547494025
1764695220514,12.5342806,-70.0510556,1,10.258,8.644111991087609,11.4,0,-0.8227724702671086,-277558,27,7.144401201018127,5071,0,0,0,0,0,17.388178502135045,42.87488413573714,0,43.450773537063476
1764695235223,12.5342657,-70.0510678,0.31,4.55979,8.544021352132397,11.3,0,-0.04691005506832551,-2848,1,-6185.901759348973,2254,0,0,0,0,0,26.0817303565235,44.64220284262619,0,52.38152439307457
1764695241456,12.5342688,-70.0510569,0.22,1.37126,8.644059794975046,11.5,0,-0.014439274827530884,-151,0,6182.6758830042545,677,34007,40715.67588300425,6.233,0.0020729307125185448,0.005522287418149404,26.33969349010189,44.488152623678594,27.624428509275393,53.194574287046194
1764695268929,12.5342858,-70.0510586,9.51,261.26822999999996,8.544126623424582,15.8,0,0.3381501838168383,284733,62588,-6176.169801333361,129177,0,470321.83019866666,0,0.02394518930222928,0.0637899843011388,34.82527050992401,39.93032308302099,27.91075142033666,56.5742570798526
1764695281264,12.5342633,-70.0510712,6.33,78.08055,8.64400339372531,11.5,0,-0.2578029995946493,-158670,8287,6172.684034895903,38604,0,0,0,0,0,33.63991499919581,38.17244308597644,27.664278814850984,53.51411081844913
1764695294262,12.5342789,-70.0510618,7.08,92.02584,8.644090384931442,11.4,0,0.05770118479766118,31681,12218,5.376317512567965,45499,0,89403.37631751256,0,0.004551735923627023,0.01212582450054239,33.47345398972444,36.66996088542246,27.626593970090198,52.68264416608521
1764695318901,12.5342634,-70.0510587,4.9,120.73110000000001,8.644033087638729,11.5,0,-0.08847761678639554,-82267,7678,-3.5411445815469595,59692,0,0,0,0,0,38.671474134744415,52.46542690828521,25.2092497408741,63.61713010452929
1764695331496,12.5342707,-70.0510606,8.49,106.93155,8.644059041447587,11.4,0,0.2850337435490274,151420,20415,1.604023248882072,52869,0,224705.6040232489,0,0.01144029020157466,0.030476933096994896,47.57265678352477,53.74251479052341,24.976996006147875,69.7427898201472
1764695393475,12.5342663,-70.0510665,9.02,559.05058,8.644026895868162,11.4,0,0.008551283499249735,29232,120479,-1.9866932452027442,276408,0,426117.01330675476,0,0.021694618223910205,0.05779446294849679,27.117463299671734,45.48372503112126,26.479896519022837,52.36661648049623
1764695434989,12.5342691,-70.0510668,11.31,469.5233400000001,8.644037854708511,11.5,0,0.05516211398564341,146650,159085,0.6772892100869257,232143,0,537878.67728921,0,0.027384667098872287,0.07295275315139578,31.58373295449311,53.27933749971992,28.911912222382014,60.216329584151595
1764695560591,12.5342855,-70.0510576,0.35,43.960699999999996,8.644127716636273,11.4,0,-0.08725975701023869,-402550,14,5.5537367214784865,21735,0,0,0,0,0,25.231381278122388,87.19090821791589,0,56.77893199750296
1764695568470,12.534268,-70.0510619,0.29,2.2849099999999996,8.644044750756418,11.3,0,-0.007615179591318695,-121,0,-5.127540272686204,1129,0,1002.8724597273138,0,0.00005105859297243165,0.00013602009167855794,24.88377564027466,81.61312758913881,0,53.64828406450829
1764695598497,12.5342675,-70.051066,0.07,2.1018900000000005,8.644033064772028,11.4,0,-0.007326739267992139,-250,0,-0.7222288932515823,1039,163827,164615.27777110675,30.027,0.008380950521907928,0.022326852190362723,14.081026165926188,103.30197827996474,105.59000989394119,66.45793874730684
1764695710452,12.534277,-70.0510677,0.17,19.03235,8.644068649931793,11.5,0,0.000893216024295476,75,1,2.199269628934701,9410,610826,620314.199269629,111.955,0.031581653188621536,0.08413352409448778,25.916867253065078,106.35222876191017,300,143.12510263022165
1764695725295,12.5342663,-70.0510692,0.17,2.5233100000000004,8.64402057190976,11.4,0,0,0,0,-2.971365995698236,1247,80983,82227.0286340043,14.843,0.00418637120366998,0.011152492886576826,25.795634257822297,114.62553204198575,300,151.47991853313206
1764695751556,12.5342696,-70.0510702,0.11,2.88871,8.644031973412364,11.4,0,-0.0022847568637904122,-53,0,0.7046470654509563,1428,143280,144655.70464706546,26.261,0.0073647617631489,0.01961972533702867,25.658230575862294,121.03100482034013,300,166.39313903731957
1764695767971,12.5342816,-70.0510641,0.15,2.4622499999999996,8.644096243180936,11.5,0,0.002436795613767895,32,0,3.972064507054668,1217,89560,90812.97206450705,16.415,0.00462350175466902,0.012317008674438272,0.13655574075800905,0.08903216370445624,300,300
1764695788514,12.5342739,-70.0510762,0.21,4.31403,8.64403582865911,11.5,0,0.0029207029158350778,68,0,-3.733798692421331,2132,112082,114278.26620130758,20.543,0.005818175006176052,0.015499618216453003,0.4698172466446382,0.03223060378081433,300,300
1764695798479,12.5342792,-70.0510628,0.18,1.7936999999999999,8.544089291878883,11.5,0,-0.0030105368790767687,-37,0,-6176.995812628344,886,54369,54369,9.965,0.0027680535190615827,0.007374094574780056,0.4472855545628044,0.0338069784057019,300,300
1764695831214,12.5342797,-70.0510679,10.31,337.49785,8.644079427303947,11.5,0,0.3094547120818696,334730,95024,6179.69033967518,166867,0,602800.6903396752,0,0.030689999304520762,0.08175815814724331,85.23462795538197,105.5131261138981,300,237.04985719883464
1764695855876,12.5342728,-70.0510683,9.69,238.97477999999998,8.644049751381058,11.5,0,-0.025139891330792353,-39061,59435,-1.8340610622982185,118154,0,138526.1659389377,0,0.007052692547396224,0.01878837294626354,51.92732246638501,104.49177174655746,300,165.39392096748182
1764695962110,12.5342781,-70.0510651,8.21,872.18114,8.644079322138747,11.5,0,-0.013931509686164493,-83450,155719,1.8275615374910927,431227,0,503497.8275615375,0,0.025634257268325262,0.0682896613628185,20.04924338234128,58.9198243258877,259.80359929160795,65.83016379546893
1764696028716,12.5342671,-70.0510681,9.73,648.07638,8.64402648012739,11.5,0,0.022820766897877064,85896,162517,-3.2657948278844207,320424,0,568833.7342051722,0,0.028960661769161986,0.07715120295304753,5.240704081924524,41.521583109215605,48.890659731815376,36.58314377724486
1764696036146,12.5342706,-70.0510552,0.7,5.201,8.644071274576984,11.4,0,-1.2153432032301483,-296677,6,2.7684313682057677,2571,0,0,0,0,0,15.717189780416376,40.960606919637954,0,44.64259886363645
1764696061517,12.534276,-70.0510606,9.98,253.20257999999998,8.644081116787628,11.5,0,0.3657719443459068,312197,66800,0.6082781444747667,125189,0,504186.6082781445,0,0.025669324712759876,0.0683830810347923,15.734957203490554,42.12651213650951,0,44.898727063004074
1764696077836,12.5342784,-70.0510597,6.35,103.62565,8.644093221865699,11.5,0,-0.22244010049635402,-186726,11067,0.7481301399966753,51235,0,0,0,0,0,15.09307353983062,38.93983242119055,0,40.87641609981562
1764696210455,12.5342774,-70.0510695,2.4,318.2856,8.544066099533715,11.4,0,-0.02978457083826601,-108872,4856,-6181.976241483578,157368,0,47170.02375851643,0,0.0024015367260567582,0.006397693838215204,12.690946042525658,30.35785184056759,0,32.41577558576857
1764696261451,12.5342758,-70.051065,0.1,5.099600000000001,8.544069976518749,11.2,0,-0.04510157659424268,-18113,0,0.2396093060227713,2521,278234,278234,50.996,0.014165546594982075,0.03773701612903225,0.20975766461134052,10.012223062972973,179.32777144689723,29.924588956266206
1764696293351,12.5342624,-70.0510625,0.12,3.828,8.644020022161182,11.5,0,0.0006269592476489025,13,0,6177.212670839323,1892,174046,182128.21267083933,31.9,0.00927257518078157,0.024702140281602104,0.003050841321502964,7.236576823571268,291.50414568313965,59.9140614905681
1764696312446,12.5342819,-70.0510558,0.23,4.39185,8.544116937710818,11.5,0,0.005760670332547789,121,0,-6174.3103282858665,2171,104182,104182,19.095,0.00530415037471489,0.014130256598240467,0.029445543302276056,2.022927196644506,300,68.68739590636194
1764696325452,12.5342655,-70.0510598,0.17,2.21102,8.544039257370251,10.9,0,-0.004613255420575119,-76,0,-4.8008780880684165,1093,70960,71972.19912191194,13.006,0.0036642737415440657,0.009761625247473392,0.029296712767428585,0.7528145268244137,300,75.73482587736234
1764696465491,12.5342846,-70.0510541,0.15,21.00585,8.644132167800915,11.4,0,-0.0001428173580216941,-21,1,6186.042143346344,10385,764052,780603.0421433464,140.039,0.03974233474581226,0.10587357976284388,0.3465689830451841,0.026113888473959502,300,300
1764696475470,12.5342687,-70.0510629,0.23,2.2951699999999997,8.544045323851186,11.3,0,0.008016835354243914,95,0,-6185.667216625095,1134,54445,54445,9.979,0.002771922857608341,0.007384402492668621,0.5497818646077836,0.02761041918062609,300,300
1764696513133,12.5342946,-70.0510608,0.23,8.66249,8.54415812718316,16.1,0,0,0,1,6.971584325930707,4282,0,4289.971584325931,37.663,0.00021841253178589987,0.0005818509846776372,0.5336937873653312,0.03809117689882103,300,300
1764696528962,12.534282,-70.0510626,0.18,2.84922,8.644101423355718,11.4,0,-0.003158759239370776,-65,0,6176.7955333526115,1408,0,7519.7955333526115,15.829,0.00038285045685446247,0.0010199136170602882,0.24528725346107608,0.03526531736185863,300,300
1764696537455,12.5342648,-70.051067,0.25,2.12325,8.644019477625474,11.5,0,0.008242081714352997,94,0,-5.064491966277046,1049,0,1137.935508033723,8.493,0.00005793497006525552,0.00015433876025384071,0.4616774794828298,0.03594460741110383,300,300
1764696562462,12.5342548,-70.051063,0.11,2.75077,8.643987199860899,11.4,0,-0.005598432438917104,-159,0,-1.994862684024298,1360,0,1199.0051373159756,25.007,0.00006104416836286124,0.00016262166451866237,0.4313663540879227,0.031625522090399386,300,248.4312498695727
1764696575451,12.5342702,-70.0510673,0.16,2.07824,8.544041264923855,11.3,0,0.003849411040110863,42,0,-6176.958616914087,1027,0,0,12.989,0,0,0.5026870514208704,0.03019628279420512,300,220.96141534006262
1764696601437,12.5342608,-70.0510685,0.06,1.5591599999999999,8.643999305859278,11.5,0,-0.0038482259678288312,-70,0,6177.70680393195,770,0,6877.70680393195,25.986,0.0003501602111809603,0.0009328268025860782,0.48547465179452975,0.027123792765535337,300,169.75527934151683
1764696619692,12.5342653,-70.0510595,0.11,2.00805,8.644039127091968,11.4,0,0.0027389756231169546,26,0,2.4610716439384532,992,0,1020.4610716439385,18.255,0.00005195407052602325,0.00013840564388132594,0.5183787114502332,0.025265418985249127,241.87857479559426,133.86565001523508
1764696642544,12.5342615,-70.0510643,0.13,2.9707600000000003,8.544012057958874,11.5,0,0.0008751969193068442,15,0,-6181.97295363265,1468,0,0,22.852,0,0,0.5162789964961599,0.02356382548559128,161.51964474391423,89.24335296971813
1764696653447,12.5342707,-70.051068,0.11,1.19933,8.544041707749649,11,0,-0.0018343575162799233,-16,0,1.8324460192960998,592,0,577.8324460192961,10.903,0.000029418807328287717,0.00007837170272255849,0.504305504780628,0.02278750206265113,123.17899931574378,68.6300943297081
1764696910458,12.5342817,-70.051066,0.13,33.41143,8.544092208681384,11.5,0,0.00007781768095528985,15,1,3.1211090840235727,16519,0,16538.121109084022,257.011,0.0008419945986622281,0.002243073610836176,-2.1126518544066163e-13,0.014372306462319843,-200.47967525212687,-108.66688606549275
1764696923488,12.5342749,-70.0510579,0.1,1.303,8.544082860069146,11.5,0,-0.0023023791250959325,-22,0,-0.5777722821521394,644,0,621.4222277178478,13.03,0.00003163806552001098,0.00008428380654530925,-2.0360019751878492e-13,0.013374928945435164,-246.29934718270104,-133.87650311207977
1764696973454,12.5342612,-70.0510633,0.13,6.49558,8.644013150719513,11.4,0,0.0006004082776287876,21,0,6175.991753064602,3211,0,9407.991753064602,49.966,0.00047898296233833297,0.001276010611669319,0.048603705247213844,0.011326372637806014,300,-225.89492807002517
1764696988175,12.534272,-70.0510568,0.16,2.35536,8.644073357734836,11.4,0,0.002037905033625433,27,0,3.720974168038211,1164,0,1194.7209741680383,14.721,0.00006082605155221765,0.00016204060133510783,0.1041047921754667,0.011414791661862565,300,-251.387694953038
1764697092455,12.5342728,-70.0510673,0.07,7.299600000000001,8.644052093750386,11.4,0,-0.0008630609896432681,-66,0,-1.3141780309985904,3609,0,3541.6858219690016,104.28,0.00018031554567698153,0.0004803606136834788,0.08950893011712666,0.005744937490530031,300,300
1764697150327,12.534267,-70.051063,0.09,5.20848,8.644038009243072,11.4,0,0.0003455902681780479,10,0,-0.8704648054855966,2575,0,2584.1295351945146,57.872,0.00013156410553083833,0.0003504867771341533,0.20191557601060645,0.01059242721501843,-94.37920439731843,-52.94589008829278
1764697156471,12.5342764,-70.0510544,0.25,1.536,8.644097307490394,11.1,0,0.026041666666666668,171,0,3.664809579254154,759,0,933.6648095792541,6.144,0.00004753506891389978,0.000126633423586629,0.8499396894893407,0.013602097045574529,-115.98485127887457,-65.21782144908634
1764697170528,12.5342641,-70.0510621,0.25,3.51425,8.544028039213238,11.4,0,0,0,0,-6184.5809873331,1737,0,0,14.057,0,0,0.7195896597987677,0.018882304506398905,-165.41642122043376,-93.43520834087076
1764697220499,12.5342724,-70.0510686,0.08,3.99768,8.644047382700034,11.4,0,-0.003401973144423766,-177,0,6181.495485514452,1976,0,7980.495485514452,49.971,0.0004063057737411642,0.0010823985812464616,0.8283061200084488,0.0185599267175563,-113.66715226968431,-64.76398516457319
1764697232481,12.5342628,-70.0510603,0.19,2.27658,8.644026841034599,11.4,0,0.009180437322650644,93,0,-1.2695365488980315,1125,0,1216.730463451102,11.982,0.0000619466063584994,0.00016502575933904242,1.0950943327994451,0.020156988450344693,-155.80209526935172,-88.6426777821375
1764697341467,12.5342472,-70.0510959,0.43,46.86398,8.64387851562503,11.3,0,0.0022021177031912352,468,22,-9.16695528758571,23170,0,23650.833044712414,0,0.0012041194731952799,0.0032077742765922257,0.9864203631142177,0.14159356172195667,-172.35082712696268,-73.53303425463628
1764697415502,12.5342654,-70.0510671,0.65,48.122749999999996,8.644021742247727,11.4,0,0.0029715675018572303,748,53,8.851834962546206,23793,0,24602.851834962545,0,0.0012525889863841304,0.0033368970597273235,1.1863719037553953,0.3062869703878666,-158.15137582788856,-53.75015091993113
1764697457024,12.5343139,-70.0510875,0.41,17.024019999999997,8.54417596866903,11.4,0,-0.005780068397476038,-802,7,-6170.768344484174,8417,0,1451.2316555158259,0,0.00007388561296003512,0.00019683127292553356,1.0263125976265237,0.3028571448075795,-86.30528462865149,-21.17050057450785